<?xml version="1.0" encoding="UTF-8" standalone="yes"?>
<wards>
    <Ward id="0">
        <Nurse id="0">
            <nurseName>TestNurse1</nurseName>
            <qualification>SRN</qualification>
            <shiftPattern>D</shiftPattern>
            <shifts>5</shifts>
        </Nurse>
        <Nurse id="1">
            <nurseName>TestNurse2</nurseName>
            <qualification>SRN</qualification>
            <shiftPattern>DN</shiftPattern>
            <shifts>5</shifts>
        </Nurse>
        <Nurse id="2">
            <nurseName>TestNurse3</nurseName>
            <qualification>SRN</qualification>
            <shiftPattern>DN</shiftPattern>
            <shifts>5</shifts>
        </Nurse>
        <Nurse id="2">
            <nurseName>TestNurse4</nurseName>
            <qualification>SRN</qualification>
            <shiftPattern>DN</shiftPattern>
            <shifts>5</shifts>
        </Nurse>
        <Nurse id="3">
            <nurseName>TestNurse5</nurseName>
            <qualification>RN</qualification>
            <shiftPattern>D</shiftPattern>
            <shifts>5</shifts>
        </Nurse>
        <Nurse id="4">
            <nurseName>TestNurse6</nurseName>
            <qualification>RN</qualification>
            <shiftPattern>D</shiftPattern>
            <shifts>5</shifts>
        </Nurse>
        <Nurse id="5">
            <nurseName>TestNurse7</nurseName>
            <qualification>RN</qualification>
            <shiftPattern>N</shiftPattern>
            <shifts>5</shifts>
        </Nurse>
        <roster>7</roster>
        <wardName>Testing</wardName>
    </Ward>
</wards>
